name;time;size
ParallelStream;8.36256;5000
ParallelStream;6.6975999999999996;4000
ParallelStream;5.01332;3000
ParallelStream;3.34116;2000
ParallelStream;1.67396;1000
ParallelStream;0.8418000000000001;500
ParallelStream;0.36182000000000003;200
ParallelStream;0.17328;100
ParallelStream;0.01702;10
ParallelStream;0.00184;1
