name;time;size
PrefixHashing;0.03592;5000
PrefixHashing;0.03007;4000
PrefixHashing;0.02911;3000
PrefixHashing;0.02915;2000
PrefixHashing;0.02923;1000
PrefixHashing;0.029300000000000003;500
PrefixHashing;0.029169999999999998;200
PrefixHashing;0.02875;100
PrefixHashing;0.028900000000000002;10
PrefixHashing;0.028530000000000003;1
