name;time;size
TreeSet;0.21568;5000
TreeSet;0.21059999999999998;4000
TreeSet;0.21056;3000
TreeSet;0.21116;2000
TreeSet;0.21416000000000002;1000
TreeSet;0.21170000000000003;500
TreeSet;0.22038;200
TreeSet;0.22174;100
TreeSet;0.25728;10
TreeSet;0.24797999999999998;1
