name;time;size
MultiTreeSet;0.04536;5000
MultiTreeSet;0.03574;4000
MultiTreeSet;0.02942;3000
MultiTreeSet;0.02706;2000
MultiTreeSet;0.0246;1000
MultiTreeSet;0.02384;500
MultiTreeSet;0.02308;200
MultiTreeSet;0.023319999999999997;100
MultiTreeSet;0.022400000000000003;10
MultiTreeSet;0.02266;1
