name;time;size
Naive;8.1734;5000
Naive;6.5068399999999995;4000
Naive;4.8757600000000005;3000
Naive;3.3018400000000003;2000
Naive;1.70846;1000
Naive;0.85544;500
Naive;0.34928;200
Naive;0.17286;100
Naive;0.02012;10
Naive;0.00864;1
